supplier_id,supplier_name,supplier_category,supplier_country,onboarding_date,payment_terms_days,tax_id,bank_account,missing_tax_id_flag,missing_bank_account_flag,tax_id_clean
SUP00001,Supplier_0001,Training,Turkey,2020-02-17,45,TAX-14868708,DZ492684993724,0,0,TAX-14868708
SUP00002,Supplier_0002,Training,Germany,2018-07-07,90,TAX-77575471,DZ797161493162,0,0,TAX-77575471
SUP00003,Supplier_0003,Office Supplies,Turkey,2024-05-16,45,TAX-67358568,DZ131354515251,0,0,TAX-67358568
SUP00004,Supplier_0004,Professional Services,Turkey,2019-12-31,45,TAX-81427183,DZ687031845818,0,0,TAX-81427183
SUP00005,Supplier_0005,Consulting,Algeria,2022-11-17,30,TAX-84459703,DZ840814585673,0,0,TAX-84459703
SUP00006,Supplier_0006,Telecom,Algeria,2022-03-07,60,TAX-29075914,DZ251200763719,0,0,TAX-29075914
SUP00007,Supplier_0007,Telecom,Germany,2020-06-10,30,TAX-28957574,DZ232177361339,0,0,TAX-28957574
SUP00008,Supplier_0008,Logistics,France,2023-08-22,30,TAX-93140497,DZ874720876257,0,0,TAX-93140497
SUP00009,Supplier_0009,IT Services,Algeria,2016-04-01,30,TAX-57792402,DZ840812148954,0,0,TAX-57792402
SUP00010,Supplier_0010,Facilities,Algeria,2023-12-23,15,TAX-49419063,DZ585047589637,0,0,TAX-49419063
SUP00011,Supplier_0011,Marketing Services,Germany,2023-04-15,30,TAX-35848153,DZ837279891363,0,0,TAX-35848153
SUP00012,Supplier_0012,Training,Algeria,2019-11-28,15,TAX-67511227,DZ183480469681,0,0,TAX-67511227
SUP00013,Supplier_0013,Professional Services,Tunisia,2022-02-23,30,TAX-77856270,DZ455033366144,0,0,TAX-77856270
SUP00014,Supplier_0014,Telecom,Algeria,2020-01-27,45,TAX-10207789,DZ764017800494,0,0,TAX-10207789
SUP00015,Supplier_0015,Telecom,Algeria,2017-08-14,30,TAX-59737421,DZ331706763391,0,0,TAX-59737421
SUP00016,Supplier_0016,Consulting,United Arab Emirates,2022-10-18,30,TAX-99403163,DZ777096022989,0,0,TAX-99403163
SUP00017,Supplier_0017,Logistics,Algeria,2017-05-25,90,,DZ553760743951,1,0,MISSING_TAX_ID
SUP00018,Supplier_0018,Marketing Services,Algeria,2018-01-24,45,TAX-35280674,DZ775239389152,0,0,TAX-35280674
SUP00019,Supplier_0019,Marketing Services,France,2023-03-01,30,TAX-89031746,DZ518211674071,0,0,TAX-89031746
SUP00020,Supplier_0020,IT Services,United Arab Emirates,2018-09-28,30,TAX-15585679,DZ431113906199,0,0,TAX-15585679
SUP00021,Supplier_0021,Maintenance,Algeria,2019-10-26,60,,DZ297270294830,1,0,MISSING_TAX_ID
SUP00022,Supplier_0022,Consulting,Algeria,2015-05-29,30,TAX-51243583,DZ287541407291,0,0,TAX-51243583
SUP00023,Supplier_0023,Telecom,Germany,2016-02-17,30,TAX-81809140,DZ776341729513,0,0,TAX-81809140
SUP00024,Supplier_0024,Professional Services,Morocco,2015-07-19,60,TAX-49065297,DZ207019313230,0,0,TAX-49065297
SUP00025,Supplier_0025,Facilities,Algeria,2015-09-14,30,TAX-23709403,DZ177384115099,0,0,TAX-23709403
SUP00026,Supplier_0026,Telecom,Algeria,2023-06-19,45,TAX-80887187,DZ258662228519,0,0,TAX-80887187
SUP00027,Supplier_0027,Logistics,Algeria,2023-03-17,45,TAX-66905452,DZ257811860308,0,0,TAX-66905452
SUP00028,Supplier_0028,Facilities,Algeria,2023-01-04,45,TAX-54706429,DZ840796860525,0,0,TAX-54706429
SUP00029,Supplier_0029,Marketing Services,Algeria,2015-07-17,30,TAX-45363464,DZ458655961126,0,0,TAX-45363464
SUP00030,Supplier_0030,Logistics,France,2015-10-04,30,,DZ991349611623,1,0,MISSING_TAX_ID
SUP00031,Supplier_0031,Facilities,Algeria,2017-09-25,30,TAX-92966719,DZ223490132011,0,0,TAX-92966719
SUP00032,Supplier_0032,Logistics,Algeria,2020-07-05,30,TAX-68289527,DZ688185843123,0,0,TAX-68289527
SUP00033,Supplier_0033,IT Services,Spain,2018-04-04,60,TAX-38724084,DZ503856556480,0,0,TAX-38724084
SUP00034,Supplier_0034,Marketing Services,France,2019-10-02,30,TAX-47254334,DZ453626359026,0,0,TAX-47254334
SUP00035,Supplier_0035,Telecom,Algeria,2016-09-07,45,TAX-75356210,DZ887575779147,0,0,TAX-75356210
SUP00036,Supplier_0036,Consulting,United Kingdom,2022-02-14,45,TAX-74760823,DZ978036081244,0,0,TAX-74760823
SUP00037,Supplier_0037,Marketing Services,Spain,2018-01-22,45,TAX-51498948,DZ885573062895,0,0,TAX-51498948
SUP00038,Supplier_0038,Consulting,Spain,2015-08-25,30,TAX-37261035,DZ273070611131,0,0,TAX-37261035
SUP00039,Supplier_0039,Professional Services,Algeria,2022-03-28,30,TAX-69395616,DZ298718129087,0,0,TAX-69395616
SUP00040,Supplier_0040,Marketing Services,Algeria,2023-10-19,90,TAX-69240960,DZ690466491184,0,0,TAX-69240960
SUP00041,Supplier_0041,Logistics,Turkey,2015-02-22,45,TAX-63972581,DZ360175223474,0,0,TAX-63972581
SUP00042,Supplier_0042,Office Supplies,Algeria,2019-04-04,60,TAX-16556692,DZ761252617701,0,0,TAX-16556692
SUP00043,Supplier_0043,Maintenance,Algeria,2023-01-23,60,TAX-52550557,DZ609778585728,0,0,TAX-52550557
SUP00044,Supplier_0044,Professional Services,Algeria,2021-11-18,45,TAX-65252722,DZ595817891640,0,0,TAX-65252722
SUP00045,Supplier_0045,Facilities,France,2023-05-08,30,TAX-95505497,DZ845692232354,0,0,TAX-95505497
SUP00046,Supplier_0046,Marketing Services,Tunisia,2019-01-18,45,TAX-57300679,DZ739479494567,0,0,TAX-57300679
SUP00047,Supplier_0047,Consulting,Algeria,2018-08-18,30,TAX-40844227,DZ123919988497,0,0,TAX-40844227
SUP00048,Supplier_0048,Training,Turkey,2021-11-29,45,TAX-60021373,DZ144513223431,0,0,TAX-60021373
SUP00049,Supplier_0049,Professional Services,Algeria,2016-06-30,90,TAX-25951194,DZ641402607209,0,0,TAX-25951194
SUP00050,Supplier_0050,Telecom,Algeria,2017-05-02,30,TAX-18162587,DZ537572868059,0,0,TAX-18162587
SUP00051,Supplier_0051,IT Services,France,2021-07-07,30,TAX-71028464,DZ334166189808,0,0,TAX-71028464
SUP00052,Supplier_0052,Logistics,Algeria,2016-03-02,15,TAX-98756516,DZ476790478582,0,0,TAX-98756516
SUP00053,Supplier_0053,Telecom,Algeria,2019-12-15,90,TAX-86140679,DZ782119286858,0,0,TAX-86140679
SUP00054,Supplier_0054,Training,Algeria,2018-07-23,30,TAX-62529564,DZ843950336191,0,0,TAX-62529564
SUP00055,Supplier_0055,Marketing Services,Tunisia,2019-11-22,15,TAX-13622836,DZ605100761100,0,0,TAX-13622836
SUP00056,Supplier_0056,Training,France,2024-05-05,30,TAX-98917394,DZ446832532771,0,0,TAX-98917394
SUP00057,Supplier_0057,Training,Tunisia,2015-09-30,15,TAX-50466941,DZ343627085345,0,0,TAX-50466941
SUP00058,Supplier_0058,Logistics,United Kingdom,2024-09-13,30,TAX-36069691,DZ569726623691,0,0,TAX-36069691
SUP00059,Supplier_0059,Training,Algeria,2019-05-20,30,TAX-90323891,DZ383274656707,0,0,TAX-90323891
SUP00060,Supplier_0060,Office Supplies,Germany,2022-07-11,30,TAX-77176250,DZ607685623341,0,0,TAX-77176250
SUP00061,Supplier_0061,Office Supplies,Algeria,2019-02-20,15,TAX-77465674,DZ708987144257,0,0,TAX-77465674
SUP00062,Supplier_0062,Professional Services,Algeria,2022-07-06,30,TAX-34997780,DZ159471289827,0,0,TAX-34997780
SUP00063,Supplier_0063,Professional Services,United Kingdom,2021-09-14,30,TAX-99262693,DZ100960718520,0,0,TAX-99262693
SUP00064,Supplier_0064,Consulting,United Kingdom,2016-05-27,15,TAX-50758082,DZ291049424956,0,0,TAX-50758082
SUP00065,Supplier_0065,Training,Algeria,2021-11-16,45,TAX-57827242,DZ905060347946,0,0,TAX-57827242
SUP00066,Supplier_0066,Consulting,Algeria,2022-05-04,30,TAX-77586171,DZ681661686905,0,0,TAX-77586171
SUP00067,Supplier_0067,Training,France,2018-10-12,30,TAX-69399614,DZ254764316743,0,0,TAX-69399614
SUP00068,Supplier_0068,IT Services,United Arab Emirates,2024-01-09,30,TAX-25505832,DZ901237565640,0,0,TAX-25505832
SUP00069,Supplier_0069,Telecom,France,2021-03-31,30,TAX-37223224,DZ522960346258,0,0,TAX-37223224
SUP00070,Supplier_0070,Telecom,Algeria,2018-04-02,15,TAX-42506704,DZ528482581010,0,0,TAX-42506704
SUP00071,Supplier_0071,Telecom,Algeria,2015-02-08,30,TAX-74305535,DZ941987749457,0,0,TAX-74305535
SUP00072,Supplier_0072,Professional Services,Algeria,2021-07-30,60,,DZ153538022964,1,0,MISSING_TAX_ID
SUP00073,Supplier_0073,Marketing Services,France,2017-01-14,15,TAX-76125015,DZ293660447165,0,0,TAX-76125015
SUP00074,Supplier_0074,Telecom,United Arab Emirates,2022-05-17,30,TAX-76465963,DZ627194192638,0,0,TAX-76465963
SUP00075,Supplier_0075,Office Supplies,Algeria,2020-02-13,30,TAX-45479944,DZ275937858623,0,0,TAX-45479944
SUP00076,Supplier_0076,Telecom,Algeria,2019-07-20,30,,DZ711574308287,1,0,MISSING_TAX_ID
SUP00077,Supplier_0077,Maintenance,Algeria,2016-08-05,30,TAX-90486429,DZ292683060402,0,0,TAX-90486429
SUP00078,Supplier_0078,Marketing Services,Germany,2021-12-07,45,TAX-60563703,DZ189241273538,0,0,TAX-60563703
SUP00079,Supplier_0079,Maintenance,United Kingdom,2016-08-13,60,TAX-23456407,DZ286286643676,0,0,TAX-23456407
SUP00080,Supplier_0080,Maintenance,Algeria,2019-01-27,30,TAX-74780427,DZ480460630844,0,0,TAX-74780427
SUP00081,Supplier_0081,IT Services,Algeria,2023-02-25,30,TAX-63061124,DZ258524469255,0,0,TAX-63061124
SUP00082,Supplier_0082,Consulting,France,2023-12-21,30,TAX-55804073,DZ221222822430,0,0,TAX-55804073
SUP00083,Supplier_0083,Office Supplies,Algeria,2024-08-22,30,TAX-75259378,DZ874253697596,0,0,TAX-75259378
SUP00084,Supplier_0084,Consulting,United Kingdom,2024-05-03,45,TAX-91637768,DZ388357483237,0,0,TAX-91637768
SUP00085,Supplier_0085,Marketing Services,Algeria,2020-06-02,30,TAX-39739254,DZ424682817866,0,0,TAX-39739254
SUP00086,Supplier_0086,Professional Services,Algeria,2016-12-14,30,TAX-47737088,DZ149743368551,0,0,TAX-47737088
SUP00087,Supplier_0087,Professional Services,Turkey,2023-03-07,60,TAX-27054563,DZ421632661151,0,0,TAX-27054563
SUP00088,Supplier_0088,Marketing Services,Algeria,2024-08-26,15,TAX-68236461,DZ338326459589,0,0,TAX-68236461
SUP00089,Supplier_0089,Training,Algeria,2021-05-06,30,TAX-46244245,DZ649436560606,0,0,TAX-46244245
SUP00090,Supplier_0090,Maintenance,Algeria,2016-05-19,45,TAX-40812618,DZ284851267904,0,0,TAX-40812618
SUP00091,Supplier_0091,IT Services,Algeria,2019-11-26,30,TAX-72687094,DZ899528907755,0,0,TAX-72687094
SUP00092,Supplier_0092,Telecom,Algeria,2019-05-15,15,TAX-46734099,DZ936699958826,0,0,TAX-46734099
SUP00093,Supplier_0093,Maintenance,Algeria,2023-03-20,30,TAX-51793109,DZ189847951459,0,0,TAX-51793109
SUP00094,Supplier_0094,Professional Services,Algeria,2018-10-29,60,TAX-49604509,DZ196662660659,0,0,TAX-49604509
SUP00095,Supplier_0095,Maintenance,Algeria,2018-03-15,15,TAX-33268442,DZ203793794299,0,0,TAX-33268442
SUP00096,Supplier_0096,Maintenance,France,2015-10-12,30,TAX-21322631,DZ657612330678,0,0,TAX-21322631
SUP00097,Supplier_0097,IT Services,Spain,2023-02-22,15,TAX-84451040,DZ209772067788,0,0,TAX-84451040
SUP00098,Supplier_0098,Maintenance,Algeria,2022-05-12,30,TAX-39239096,DZ867144086136,0,0,TAX-39239096
SUP00099,Supplier_0099,Telecom,Algeria,2015-05-27,45,TAX-70074092,DZ778844363443,0,0,TAX-70074092
SUP00100,Supplier_0100,Logistics,Algeria,2019-03-25,30,TAX-21816544,DZ837827972413,0,0,TAX-21816544
SUP00101,Supplier_0101,Professional Services,United Arab Emirates,2019-09-04,45,TAX-68996595,DZ573454474196,0,0,TAX-68996595
SUP00102,Supplier_0102,IT Services,United Arab Emirates,2019-07-29,45,TAX-75975940,DZ997009490366,0,0,TAX-75975940
SUP00103,Supplier_0103,Logistics,Algeria,2023-12-16,60,TAX-69661873,DZ139757592649,0,0,TAX-69661873
SUP00104,Supplier_0104,Marketing Services,Algeria,2016-06-20,15,TAX-37452939,DZ461138467767,0,0,TAX-37452939
SUP00105,Supplier_0105,Facilities,Algeria,2017-12-26,60,TAX-11778980,DZ391543002043,0,0,TAX-11778980
SUP00106,Supplier_0106,Office Supplies,Algeria,2016-10-06,45,TAX-89861698,DZ953780948840,0,0,TAX-89861698
SUP00107,Supplier_0107,Office Supplies,Algeria,2017-05-18,30,TAX-39389215,DZ619174862647,0,0,TAX-39389215
SUP00108,Supplier_0108,Marketing Services,Algeria,2023-11-04,45,TAX-82450557,DZ825571868899,0,0,TAX-82450557
SUP00109,Supplier_0109,Facilities,Algeria,2024-03-02,60,TAX-27802886,DZ253307074292,0,0,TAX-27802886
SUP00110,Supplier_0110,Training,Algeria,2015-06-08,30,TAX-24616943,DZ980770729509,0,0,TAX-24616943
SUP00111,Supplier_0111,IT Services,Algeria,2021-02-28,60,TAX-80033627,DZ548775592188,0,0,TAX-80033627
SUP00112,Supplier_0112,Office Supplies,Algeria,2017-04-08,30,TAX-94575873,DZ544304868643,0,0,TAX-94575873
SUP00113,Supplier_0113,Training,United Arab Emirates,2016-11-16,45,TAX-87456735,DZ973796255690,0,0,TAX-87456735
SUP00114,Supplier_0114,IT Services,Algeria,2016-11-23,90,TAX-77612154,DZ442659125095,0,0,TAX-77612154
SUP00115,Supplier_0115,Training,Turkey,2019-10-12,30,TAX-32201233,DZ457772522099,0,0,TAX-32201233
SUP00116,Supplier_0116,Office Supplies,Algeria,2024-09-14,60,TAX-92188944,DZ626277432523,0,0,TAX-92188944
SUP00117,Supplier_0117,Facilities,United Arab Emirates,2022-01-18,30,TAX-70106423,DZ215247349492,0,0,TAX-70106423
SUP00118,Supplier_0118,Office Supplies,Turkey,2019-10-23,45,TAX-25494801,DZ388977063770,0,0,TAX-25494801
SUP00119,Supplier_0119,Marketing Services,Morocco,2017-08-15,45,TAX-21642652,DZ273887490200,0,0,TAX-21642652
SUP00120,Supplier_0120,Professional Services,United Kingdom,2017-05-17,30,TAX-88404559,DZ192955131196,0,0,TAX-88404559
SUP00121,Supplier_0121,Consulting,Germany,2023-03-12,30,TAX-78930313,DZ879530145697,0,0,TAX-78930313
SUP00122,Supplier_0122,Maintenance,France,2023-03-23,30,TAX-22478904,DZ630398049514,0,0,TAX-22478904
SUP00123,Supplier_0123,Maintenance,Germany,2023-04-29,15,TAX-35248506,DZ422805512374,0,0,TAX-35248506
SUP00124,Supplier_0124,Telecom,Algeria,2021-03-19,15,TAX-35516868,DZ467802439629,0,0,TAX-35516868
SUP00125,Supplier_0125,Facilities,Algeria,2020-06-02,30,TAX-35299379,DZ488367103318,0,0,TAX-35299379
SUP00126,Supplier_0126,Professional Services,Algeria,2021-04-29,15,TAX-70726288,DZ669834263929,0,0,TAX-70726288
SUP00127,Supplier_0127,Marketing Services,United Arab Emirates,2018-12-19,30,TAX-92295001,DZ934092452339,0,0,TAX-92295001
SUP00128,Supplier_0128,Marketing Services,Algeria,2022-09-29,45,TAX-91929420,DZ939501657690,0,0,TAX-91929420
SUP00129,Supplier_0129,Marketing Services,Algeria,2022-06-08,45,TAX-28227016,DZ452342781577,0,0,TAX-28227016
SUP00130,Supplier_0130,Training,France,2015-07-26,45,,DZ396336213637,1,0,MISSING_TAX_ID
SUP00131,Supplier_0131,Logistics,Algeria,2022-01-24,30,TAX-58787112,DZ505941850166,0,0,TAX-58787112
SUP00132,Supplier_0132,Consulting,Algeria,2018-07-29,60,TAX-59137027,DZ611140807385,0,0,TAX-59137027
SUP00133,Supplier_0133,Logistics,Algeria,2020-04-04,45,TAX-73125198,DZ515636120304,0,0,TAX-73125198
SUP00134,Supplier_0134,IT Services,Algeria,2018-04-19,30,TAX-79218592,DZ692878068834,0,0,TAX-79218592
SUP00135,Supplier_0135,Consulting,Algeria,2024-01-29,30,TAX-95763021,DZ598959121041,0,0,TAX-95763021
SUP00136,Supplier_0136,IT Services,Algeria,2023-03-26,45,TAX-64905442,DZ388643992024,0,0,TAX-64905442
SUP00137,Supplier_0137,Telecom,Algeria,2018-03-24,30,TAX-77097507,DZ411157725186,0,0,TAX-77097507
SUP00138,Supplier_0138,Telecom,Algeria,2019-09-14,30,TAX-32959623,DZ440733508803,0,0,TAX-32959623
SUP00139,Supplier_0139,Professional Services,Algeria,2020-03-06,90,TAX-37694158,DZ185175791424,0,0,TAX-37694158
SUP00140,Supplier_0140,Marketing Services,Spain,2022-06-29,15,TAX-66293033,DZ249456369172,0,0,TAX-66293033
SUP00141,Supplier_0141,Telecom,Algeria,2021-09-19,15,TAX-15771548,DZ750802421930,0,0,TAX-15771548
SUP00142,Supplier_0142,Consulting,Tunisia,2023-04-22,90,TAX-38844204,DZ450187040369,0,0,TAX-38844204
SUP00143,Supplier_0143,Facilities,Turkey,2018-08-09,45,TAX-74619620,DZ293085075303,0,0,TAX-74619620
SUP00144,Supplier_0144,Maintenance,Algeria,2019-12-03,30,TAX-97851554,DZ606405169516,0,0,TAX-97851554
SUP00145,Supplier_0145,Facilities,Algeria,2019-03-14,60,TAX-56754669,DZ779985588225,0,0,TAX-56754669
SUP00146,Supplier_0146,Consulting,Algeria,2023-11-13,60,TAX-45970851,DZ331680126110,0,0,TAX-45970851
SUP00147,Supplier_0147,Marketing Services,United Arab Emirates,2017-12-21,30,,DZ844110893730,1,0,MISSING_TAX_ID
SUP00148,Supplier_0148,Professional Services,France,2020-09-21,45,,DZ934754373661,1,0,MISSING_TAX_ID
SUP00149,Supplier_0149,Marketing Services,United Kingdom,2016-03-03,30,TAX-59002750,DZ637655076165,0,0,TAX-59002750
SUP00150,Supplier_0150,Marketing Services,Algeria,2023-04-15,15,TAX-12090482,DZ702052893091,0,0,TAX-12090482
SUP00151,Supplier_0151,Consulting,France,2018-09-29,45,TAX-58531599,DZ147318391290,0,0,TAX-58531599
SUP00152,Supplier_0152,Logistics,Algeria,2018-04-27,30,TAX-46005529,DZ950967901918,0,0,TAX-46005529
SUP00153,Supplier_0153,Office Supplies,Spain,2020-09-06,45,TAX-73072152,DZ453236260838,0,0,TAX-73072152
SUP00154,Supplier_0154,Logistics,Algeria,2019-11-11,60,TAX-88759684,DZ931510360489,0,0,TAX-88759684
SUP00155,Supplier_0155,Professional Services,Spain,2023-04-07,15,TAX-96620363,DZ621079772274,0,0,TAX-96620363
SUP00156,Supplier_0156,Professional Services,United Arab Emirates,2020-03-06,45,TAX-64920469,DZ104156918958,0,0,TAX-64920469
SUP00157,Supplier_0157,Professional Services,Algeria,2020-01-15,30,,DZ134687799391,1,0,MISSING_TAX_ID
SUP00158,Supplier_0158,Logistics,France,2016-01-09,60,TAX-49954859,DZ712376925102,0,0,TAX-49954859
SUP00159,Supplier_0159,Facilities,Algeria,2015-03-20,30,TAX-25881544,DZ606401212448,0,0,TAX-25881544
SUP00160,Supplier_0160,IT Services,Spain,2018-11-19,45,TAX-86258045,DZ123879193485,0,0,TAX-86258045
SUP00161,Supplier_0161,Logistics,Algeria,2024-09-23,45,TAX-86858592,DZ769113965099,0,0,TAX-86858592
SUP00162,Supplier_0162,Consulting,Tunisia,2023-12-10,30,TAX-39531107,DZ866930803361,0,0,TAX-39531107
SUP00163,Supplier_0163,Logistics,Algeria,2021-02-17,45,TAX-38999410,DZ546775734194,0,0,TAX-38999410
SUP00164,Supplier_0164,Facilities,Tunisia,2021-02-23,45,TAX-87095199,DZ519181696321,0,0,TAX-87095199
SUP00165,Supplier_0165,Logistics,United Kingdom,2018-10-25,45,TAX-59009355,DZ104925797951,0,0,TAX-59009355
SUP00166,Supplier_0166,Facilities,France,2016-09-23,45,TAX-54084182,DZ807984741243,0,0,TAX-54084182
SUP00167,Supplier_0167,Marketing Services,Germany,2015-01-31,90,TAX-49849314,DZ397644460071,0,0,TAX-49849314
SUP00168,Supplier_0168,Professional Services,United Kingdom,2018-04-21,30,TAX-66898224,DZ890887257803,0,0,TAX-66898224
SUP00169,Supplier_0169,Marketing Services,Tunisia,2018-01-31,30,TAX-83168296,DZ435754528801,0,0,TAX-83168296
SUP00170,Supplier_0170,Office Supplies,Algeria,2016-11-13,15,TAX-40070013,DZ608570119567,0,0,TAX-40070013
SUP00171,Supplier_0171,Telecom,France,2017-07-11,45,TAX-82823063,DZ343307609379,0,0,TAX-82823063
SUP00172,Supplier_0172,Facilities,Algeria,2015-03-30,30,TAX-31978449,DZ244529481326,0,0,TAX-31978449
SUP00173,Supplier_0173,Office Supplies,France,2020-12-04,30,TAX-46254483,DZ797417113042,0,0,TAX-46254483
SUP00174,Supplier_0174,Telecom,Algeria,2024-01-15,15,TAX-92140464,DZ546931430961,0,0,TAX-92140464
SUP00175,Supplier_0175,Office Supplies,Algeria,2021-09-25,60,TAX-95900781,DZ582839131376,0,0,TAX-95900781
SUP00176,Supplier_0176,Telecom,Algeria,2019-05-15,30,TAX-38443964,DZ968874358132,0,0,TAX-38443964
SUP00177,Supplier_0177,Telecom,Algeria,2019-02-05,45,TAX-85899058,DZ967221920998,0,0,TAX-85899058
SUP00178,Supplier_0178,Marketing Services,Algeria,2017-12-30,30,TAX-94247851,DZ870077909531,0,0,TAX-94247851
SUP00179,Supplier_0179,Telecom,Germany,2016-05-21,90,TAX-98038397,DZ268848363488,0,0,TAX-98038397
SUP00180,Supplier_0180,Office Supplies,United Kingdom,2020-10-31,30,TAX-11881308,DZ634845424870,0,0,TAX-11881308
SUP00181,Supplier_0181,IT Services,Algeria,2020-07-09,30,TAX-77049236,DZ890332682189,0,0,TAX-77049236
SUP00182,Supplier_0182,IT Services,France,2015-01-27,60,TAX-99707110,DZ437017542803,0,0,TAX-99707110
SUP00183,Supplier_0183,Marketing Services,Tunisia,2019-01-19,60,TAX-78820049,DZ190995549341,0,0,TAX-78820049
SUP00184,Supplier_0184,Facilities,Algeria,2017-09-16,30,TAX-30985700,DZ829866612015,0,0,TAX-30985700
SUP00185,Supplier_0185,Consulting,Algeria,2016-08-29,30,TAX-78633107,DZ533587196225,0,0,TAX-78633107
SUP00186,Supplier_0186,Marketing Services,Algeria,2021-11-07,45,,DZ607953412322,1,0,MISSING_TAX_ID
SUP00187,Supplier_0187,Telecom,France,2020-02-15,60,TAX-53254686,DZ983929866685,0,0,TAX-53254686
SUP00188,Supplier_0188,Office Supplies,Algeria,2021-03-06,30,TAX-66360483,DZ646490287444,0,0,TAX-66360483
SUP00189,Supplier_0189,Telecom,Germany,2021-12-14,30,TAX-51080697,DZ482481447099,0,0,TAX-51080697
SUP00190,Supplier_0190,Logistics,France,2024-07-27,45,TAX-72985018,DZ432985931062,0,0,TAX-72985018
SUP00191,Supplier_0191,Training,Algeria,2022-10-28,45,,DZ475857363388,1,0,MISSING_TAX_ID
SUP00192,Supplier_0192,Maintenance,Turkey,2021-01-17,45,TAX-64559854,DZ206559174860,0,0,TAX-64559854
SUP00193,Supplier_0193,Maintenance,Germany,2023-07-27,45,TAX-68033726,DZ815275502575,0,0,TAX-68033726
SUP00194,Supplier_0194,Consulting,Algeria,2019-08-27,30,,DZ853945172367,1,0,MISSING_TAX_ID
SUP00195,Supplier_0195,Marketing Services,Algeria,2024-08-06,60,TAX-36038811,DZ355957421115,0,0,TAX-36038811
SUP00196,Supplier_0196,Training,Algeria,2022-06-03,60,TAX-37484352,DZ373416956568,0,0,TAX-37484352
SUP00197,Supplier_0197,IT Services,Algeria,2023-10-21,45,TAX-33202756,DZ886900830700,0,0,TAX-33202756
SUP00198,Supplier_0198,Telecom,Algeria,2020-01-08,15,TAX-51559938,DZ121573319975,0,0,TAX-51559938
SUP00199,Supplier_0199,Marketing Services,Tunisia,2017-10-10,30,TAX-62736523,DZ568411699389,0,0,TAX-62736523
SUP00200,Supplier_0200,Telecom,Algeria,2024-05-22,45,TAX-42628241,DZ517308143212,0,0,TAX-42628241
SUP00201,Supplier_0201,Professional Services,Algeria,2021-01-28,15,TAX-46898414,DZ721114092619,0,0,TAX-46898414
SUP00202,Supplier_0202,Marketing Services,Spain,2022-08-15,90,,DZ247052530134,1,0,MISSING_TAX_ID
SUP00203,Supplier_0203,Logistics,Algeria,2019-06-29,30,TAX-29697094,DZ701497666714,0,0,TAX-29697094
SUP00204,Supplier_0204,Professional Services,Tunisia,2023-06-13,45,TAX-69169439,DZ439060607087,0,0,TAX-69169439
SUP00205,Supplier_0205,Consulting,Germany,2015-09-22,60,TAX-83445040,DZ656843300352,0,0,TAX-83445040
SUP00206,Supplier_0206,Maintenance,Algeria,2016-02-11,30,TAX-36163394,DZ136085508885,0,0,TAX-36163394
SUP00207,Supplier_0207,IT Services,Algeria,2019-12-11,30,TAX-87451291,DZ515554477465,0,0,TAX-87451291
SUP00208,Supplier_0208,Professional Services,Morocco,2022-02-20,45,TAX-61388032,DZ570025804583,0,0,TAX-61388032
SUP00209,Supplier_0209,Professional Services,Spain,2022-11-20,45,TAX-25092956,DZ292893762569,0,0,TAX-25092956
SUP00210,Supplier_0210,IT Services,Tunisia,2019-04-16,30,TAX-42939914,DZ225661288761,0,0,TAX-42939914
SUP00211,Supplier_0211,Telecom,Algeria,2021-05-01,45,TAX-10675632,DZ269626872710,0,0,TAX-10675632
SUP00212,Supplier_0212,Marketing Services,United Arab Emirates,2020-05-23,60,TAX-13525256,DZ409726970256,0,0,TAX-13525256
SUP00213,Supplier_0213,Telecom,France,2024-05-16,30,TAX-40251696,DZ187129134374,0,0,TAX-40251696
SUP00214,Supplier_0214,IT Services,Algeria,2021-05-17,30,TAX-50901617,DZ952587816155,0,0,TAX-50901617
SUP00215,Supplier_0215,Consulting,France,2019-01-23,30,TAX-81775974,DZ464494655345,0,0,TAX-81775974
SUP00216,Supplier_0216,Marketing Services,Spain,2024-06-14,30,TAX-22087217,DZ828072642255,0,0,TAX-22087217
SUP00217,Supplier_0217,Consulting,Algeria,2024-08-06,30,TAX-85525647,DZ976975410796,0,0,TAX-85525647
SUP00218,Supplier_0218,Logistics,Algeria,2016-07-02,30,TAX-31107048,DZ172661752002,0,0,TAX-31107048
SUP00219,Supplier_0219,Professional Services,United Kingdom,2017-10-23,45,TAX-22449616,DZ686502521140,0,0,TAX-22449616
SUP00220,Supplier_0220,Consulting,Algeria,2023-01-03,30,TAX-72990343,DZ884268178066,0,0,TAX-72990343
SUP00221,Supplier_0221,Professional Services,Algeria,2022-02-25,90,TAX-79690230,DZ670810990569,0,0,TAX-79690230
SUP00222,Supplier_0222,Consulting,Algeria,2024-06-16,30,TAX-64442100,DZ486123509221,0,0,TAX-64442100
SUP00223,Supplier_0223,Consulting,Algeria,2022-04-23,15,TAX-20413374,DZ487968721873,0,0,TAX-20413374
SUP00224,Supplier_0224,Maintenance,Turkey,2021-03-17,45,TAX-20381026,DZ132308997406,0,0,TAX-20381026
SUP00225,Supplier_0225,Telecom,Germany,2018-05-18,60,TAX-45105632,DZ581140676159,0,0,TAX-45105632
SUP00226,Supplier_0226,Consulting,Algeria,2015-01-17,30,TAX-50554010,DZ994188697107,0,0,TAX-50554010
SUP00227,Supplier_0227,Office Supplies,Morocco,2016-03-16,30,,DZ962836773373,1,0,MISSING_TAX_ID
SUP00228,Supplier_0228,Facilities,United Arab Emirates,2017-11-26,30,TAX-35782753,DZ136359305957,0,0,TAX-35782753
SUP00229,Supplier_0229,Facilities,Algeria,2015-05-26,30,,DZ735217303265,1,0,MISSING_TAX_ID
SUP00230,Supplier_0230,Maintenance,United Arab Emirates,2019-12-15,30,TAX-95131114,DZ371588380026,0,0,TAX-95131114
SUP00231,Supplier_0231,Marketing Services,Algeria,2022-07-30,30,TAX-23856722,DZ912690238064,0,0,TAX-23856722
SUP00232,Supplier_0232,Logistics,Morocco,2024-05-22,15,TAX-12376227,DZ140603271138,0,0,TAX-12376227
SUP00233,Supplier_0233,Professional Services,France,2019-10-10,30,TAX-48052029,DZ942286691809,0,0,TAX-48052029
SUP00234,Supplier_0234,Maintenance,France,2023-07-13,90,TAX-46097356,DZ853728169408,0,0,TAX-46097356
SUP00235,Supplier_0235,Office Supplies,Algeria,2024-08-09,45,TAX-65770166,DZ205753944027,0,0,TAX-65770166
SUP00236,Supplier_0236,IT Services,Turkey,2023-05-19,30,TAX-88996125,DZ153841903585,0,0,TAX-88996125
SUP00237,Supplier_0237,Consulting,Algeria,2019-07-14,30,TAX-93961069,DZ851236897893,0,0,TAX-93961069
SUP00238,Supplier_0238,Facilities,Algeria,2018-03-03,30,TAX-36067501,DZ240181903876,0,0,TAX-36067501
SUP00239,Supplier_0239,Marketing Services,Algeria,2017-05-11,30,TAX-98273902,DZ581408337677,0,0,TAX-98273902
SUP00240,Supplier_0240,Marketing Services,Germany,2022-09-26,45,TAX-66939498,DZ924170372089,0,0,TAX-66939498
SUP00241,Supplier_0241,Marketing Services,Algeria,2021-05-02,60,TAX-16267657,DZ610703302193,0,0,TAX-16267657
SUP00242,Supplier_0242,Telecom,Turkey,2017-03-01,60,TAX-94460183,DZ457509971325,0,0,TAX-94460183
SUP00243,Supplier_0243,IT Services,France,2020-05-31,90,TAX-22419776,DZ500514449368,0,0,TAX-22419776
SUP00244,Supplier_0244,IT Services,Algeria,2022-10-26,90,TAX-62973608,DZ156805453633,0,0,TAX-62973608
SUP00245,Supplier_0245,Office Supplies,Algeria,2017-08-05,90,TAX-81166416,DZ971877089224,0,0,TAX-81166416
SUP00246,Supplier_0246,Marketing Services,Algeria,2024-01-05,15,TAX-32449434,DZ379588766572,0,0,TAX-32449434
SUP00247,Supplier_0247,Professional Services,France,2023-01-07,30,TAX-34356893,DZ270427142505,0,0,TAX-34356893
SUP00248,Supplier_0248,Marketing Services,United Kingdom,2017-04-28,30,TAX-52855940,DZ357442571656,0,0,TAX-52855940
SUP00249,Supplier_0249,Marketing Services,Algeria,2015-05-12,45,TAX-89636414,DZ967935875401,0,0,TAX-89636414
SUP00250,Supplier_0250,Facilities,United Arab Emirates,2015-07-15,15,TAX-30124299,DZ184857448139,0,0,TAX-30124299
SUP00251,Supplier_0251,Consulting,Algeria,2018-08-19,60,TAX-69710792,DZ880572736450,0,0,TAX-69710792
SUP00252,Supplier_0252,Maintenance,United Kingdom,2024-04-16,45,TAX-50733246,DZ737059504960,0,0,TAX-50733246
SUP00253,Supplier_0253,Maintenance,Turkey,2015-06-23,30,TAX-20066032,DZ847017261242,0,0,TAX-20066032
SUP00254,Supplier_0254,Marketing Services,Germany,2018-08-06,30,TAX-73978912,DZ978307786330,0,0,TAX-73978912
SUP00255,Supplier_0255,Training,Spain,2016-01-25,30,TAX-84927634,DZ857939189964,0,0,TAX-84927634
SUP00256,Supplier_0256,Office Supplies,United Arab Emirates,2024-01-30,30,TAX-61807062,DZ949044116149,0,0,TAX-61807062
SUP00257,Supplier_0257,Facilities,Algeria,2021-08-01,60,TAX-24015309,DZ214241731111,0,0,TAX-24015309
SUP00258,Supplier_0258,Logistics,Algeria,2022-06-08,45,TAX-48114585,DZ816209708649,0,0,TAX-48114585
SUP00259,Supplier_0259,Maintenance,Algeria,2021-12-14,45,TAX-55577690,DZ591108124672,0,0,TAX-55577690
SUP00260,Supplier_0260,Maintenance,Algeria,2021-05-28,30,TAX-31929034,DZ589146035571,0,0,TAX-31929034
SUP00261,Supplier_0261,Training,Germany,2022-07-17,30,TAX-55068952,DZ909029418687,0,0,TAX-55068952
SUP00262,Supplier_0262,Marketing Services,France,2015-01-29,30,TAX-36557112,DZ974623436781,0,0,TAX-36557112
SUP00263,Supplier_0263,Office Supplies,United Arab Emirates,2023-06-09,45,TAX-71754661,DZ734354490738,0,0,TAX-71754661
SUP00264,Supplier_0264,IT Services,Algeria,2022-03-18,45,TAX-81682668,DZ534644550524,0,0,TAX-81682668
SUP00265,Supplier_0265,Logistics,Spain,2022-03-17,30,TAX-68741805,DZ510763472111,0,0,TAX-68741805
SUP00266,Supplier_0266,Training,Algeria,2018-11-01,60,TAX-10112261,DZ447707311500,0,0,TAX-10112261
SUP00267,Supplier_0267,IT Services,Algeria,2022-10-22,30,TAX-99283779,DZ425439126615,0,0,TAX-99283779
SUP00268,Supplier_0268,Training,Spain,2018-09-21,60,TAX-12139084,DZ452356157515,0,0,TAX-12139084
SUP00269,Supplier_0269,Maintenance,Morocco,2015-06-24,30,TAX-99947970,DZ180777911725,0,0,TAX-99947970
SUP00270,Supplier_0270,Consulting,France,2023-11-06,30,TAX-12859701,DZ169692476734,0,0,TAX-12859701
SUP00271,Supplier_0271,Logistics,Algeria,2017-04-14,60,TAX-56481345,DZ801882859484,0,0,TAX-56481345
SUP00272,Supplier_0272,Maintenance,France,2015-12-29,30,TAX-19537381,DZ501465603627,0,0,TAX-19537381
SUP00273,Supplier_0273,Logistics,Algeria,2021-01-22,30,TAX-18567917,DZ937616039689,0,0,TAX-18567917
SUP00274,Supplier_0274,Consulting,Turkey,2017-04-11,30,TAX-71505627,DZ650998907733,0,0,TAX-71505627
SUP00275,Supplier_0275,Professional Services,Spain,2023-05-13,30,TAX-75505896,DZ131658383965,0,0,TAX-75505896
SUP00276,Supplier_0276,Professional Services,Algeria,2019-04-29,45,TAX-97899766,DZ241771007185,0,0,TAX-97899766
SUP00277,Supplier_0277,Consulting,Algeria,2015-01-17,60,TAX-38841529,DZ285237813711,0,0,TAX-38841529
SUP00278,Supplier_0278,Office Supplies,Algeria,2024-04-11,60,TAX-38649374,DZ978162421949,0,0,TAX-38649374
SUP00279,Supplier_0279,Office Supplies,Morocco,2020-01-07,30,TAX-36727958,DZ296833803536,0,0,TAX-36727958
SUP00280,Supplier_0280,Professional Services,Algeria,2017-07-25,30,TAX-51508799,DZ564180108658,0,0,TAX-51508799
SUP00281,Supplier_0281,Telecom,Germany,2021-08-08,30,TAX-26005076,DZ942559238475,0,0,TAX-26005076
SUP00282,Supplier_0282,Telecom,France,2020-03-03,30,TAX-48229922,DZ979473456921,0,0,TAX-48229922
SUP00283,Supplier_0283,Facilities,Algeria,2015-04-16,30,,DZ312724391844,1,0,MISSING_TAX_ID
SUP00284,Supplier_0284,Telecom,Algeria,2022-05-28,60,TAX-14627723,DZ144205879374,0,0,TAX-14627723
SUP00285,Supplier_0285,Logistics,Tunisia,2018-11-29,60,TAX-43186308,DZ238241649283,0,0,TAX-43186308
SUP00286,Supplier_0286,Consulting,Algeria,2021-10-27,45,TAX-70503798,DZ156995630832,0,0,TAX-70503798
SUP00287,Supplier_0287,Professional Services,Algeria,2023-09-24,30,TAX-78678086,DZ275611816982,0,0,TAX-78678086
SUP00288,Supplier_0288,Facilities,Spain,2020-12-13,30,TAX-41800392,DZ611712743232,0,0,TAX-41800392
SUP00289,Supplier_0289,Facilities,France,2021-07-18,30,TAX-39137162,DZ921203916665,0,0,TAX-39137162
SUP00290,Supplier_0290,Office Supplies,Tunisia,2017-06-25,30,TAX-80871747,DZ583496995324,0,0,TAX-80871747
SUP00291,Supplier_0291,Office Supplies,Algeria,2019-01-17,30,TAX-71306949,DZ663390601028,0,0,TAX-71306949
SUP00292,Supplier_0292,IT Services,Algeria,2023-04-24,30,TAX-84890805,DZ281680526448,0,0,TAX-84890805
SUP00293,Supplier_0293,Consulting,Algeria,2020-02-10,30,TAX-91549127,DZ820525258605,0,0,TAX-91549127
SUP00294,Supplier_0294,Maintenance,Algeria,2018-05-23,90,TAX-83910769,DZ656010017654,0,0,TAX-83910769
SUP00295,Supplier_0295,Maintenance,Algeria,2022-08-07,30,TAX-94283707,DZ877723146272,0,0,TAX-94283707
SUP00296,Supplier_0296,Logistics,Algeria,2023-04-26,90,TAX-47499939,DZ953958796304,0,0,TAX-47499939
SUP00297,Supplier_0297,Logistics,Algeria,2023-10-19,30,TAX-45520463,DZ413110698180,0,0,TAX-45520463
SUP00298,Supplier_0298,Training,Algeria,2017-11-30,45,TAX-38939111,DZ181521152681,0,0,TAX-38939111
SUP00299,Supplier_0299,Marketing Services,Algeria,2021-12-01,30,TAX-31170034,DZ303336062124,0,0,TAX-31170034
SUP00300,Supplier_0300,Training,France,2020-10-02,30,TAX-77393869,DZ494057409107,0,0,TAX-77393869
SUP00301,Supplier_0301,Facilities,France,2019-05-18,15,,DZ951124286641,1,0,MISSING_TAX_ID
SUP00302,Supplier_0302,Logistics,Algeria,2018-11-14,30,TAX-82125048,DZ440478840135,0,0,TAX-82125048
SUP00303,Supplier_0303,Office Supplies,Algeria,2017-09-05,60,TAX-25065181,DZ793695892298,0,0,TAX-25065181
SUP00304,Supplier_0304,Facilities,Algeria,2020-05-10,30,TAX-54213169,DZ586429022953,0,0,TAX-54213169
SUP00305,Supplier_0305,Professional Services,France,2023-08-23,45,TAX-29976307,DZ264527893387,0,0,TAX-29976307
SUP00306,Supplier_0306,Office Supplies,Algeria,2023-06-12,30,TAX-90372790,DZ388660707057,0,0,TAX-90372790
SUP00307,Supplier_0307,Professional Services,Algeria,2021-08-15,30,TAX-22951782,DZ687872696519,0,0,TAX-22951782
SUP00308,Supplier_0308,Maintenance,Algeria,2015-10-29,30,TAX-89116189,DZ705568055215,0,0,TAX-89116189
SUP00309,Supplier_0309,Facilities,Algeria,2021-07-31,30,TAX-92415798,DZ491283772127,0,0,TAX-92415798
SUP00310,Supplier_0310,Office Supplies,Algeria,2018-05-02,90,TAX-18648570,DZ305781042395,0,0,TAX-18648570
SUP00311,Supplier_0311,Facilities,Algeria,2019-05-21,60,TAX-39330414,DZ749716101560,0,0,TAX-39330414
SUP00312,Supplier_0312,Facilities,Algeria,2021-12-29,45,TAX-23817296,DZ251985737451,0,0,TAX-23817296
SUP00313,Supplier_0313,Consulting,Spain,2019-02-21,30,TAX-37707918,DZ943002722677,0,0,TAX-37707918
SUP00314,Supplier_0314,Consulting,France,2020-03-14,30,TAX-58045600,DZ269113221132,0,0,TAX-58045600
SUP00315,Supplier_0315,Maintenance,France,2024-09-25,60,,DZ196581126549,1,0,MISSING_TAX_ID
SUP00316,Supplier_0316,IT Services,Algeria,2021-03-22,30,TAX-16076663,DZ547882932128,0,0,TAX-16076663
SUP00317,Supplier_0317,Office Supplies,Germany,2017-11-21,15,TAX-55902682,DZ567594638298,0,0,TAX-55902682
SUP00318,Supplier_0318,Marketing Services,Algeria,2022-07-23,30,TAX-14752639,DZ557373623299,0,0,TAX-14752639
SUP00319,Supplier_0319,Facilities,Algeria,2020-03-16,45,TAX-30402641,DZ493000740404,0,0,TAX-30402641
SUP00320,Supplier_0320,Facilities,France,2016-05-02,45,TAX-10046686,DZ995333403545,0,0,TAX-10046686
